{
    "text": " going along slushy country roads and speaking to damp audiences in drafty schoolrooms day after day for fortnight. He'll have to put in an appearance at some place of worship on Sunday morning, and he can come to us immediately afterwards.",
    "segments": [
        {
            "id": 0,
            "seek": 0,
            "start": 0.0,
            "end": 5.44,
            "text": " going along slushy country roads and speaking to damp audiences in drafty schoolrooms day after",
            "tokens": [
                50364,
                516,
                2051,
                1061,
                1498,
                88,
                1941,
                11344,
                293,
                4124,
                281,
                19498,
                15479,
                294,
                11206,
                88,
                1395,
                32346,
                786,
                934,
                50636
            ],
            "temperature": 0.0,
            "avg_logprob": -0.14552213434587447,
            "compression_ratio": 1.4397590361445782,
            "no_speech_prob": 0.0010986319975927472
        },
        {
            "id": 1,
            "seek": 0,
            "start": 5.44,
            "end": 11.28,
            "text": " day for fortnight. He'll have to put in an appearance at some place of worship on Sunday morning,",
            "tokens": [
                50636,
                786,
                337,
                5009,
                6402,
                13,
                634,
                603,
                362,
                281,
                829,
                294,
                364,
                8967,
                412,
                512,
                1081,
                295,
                9965,
                322,
                7776,
                2446,
                11,
                50928
            ],
            "temperature": 0.0,
            "avg_logprob": -0.14552213434587447,
            "compression_ratio": 1.4397590361445782,
            "no_speech_prob": 0.0010986319975927472
        },
        {
            "id": 2,
            "seek": 0,
            "start": 11.28,
            "end": 13.6,
            "text": " and he can come to us immediately afterwards.",
            "tokens": [
                50928,
                293,
                415,
                393,
                808,
                281,
                505,
                4258,
                10543,
                13,
                51044
            ],
            "temperature": 0.0,
            "avg_logprob": -0.14552213434587447,
            "compression_ratio": 1.4397590361445782,
            "no_speech_prob": 0.0010986319975927472
        }
    ],
    "language": "en"
}